cohort,N,scenario,qi_cols,mitigation,K,reps,frac_unique_mean,frac_unique_p95,frac_below_k_mean,frac_below_k_p95,min_k_mean,min_k_p95,p_unique_mean,p_unique_p95,p_below_k_mean,p_below_k_p95,n_cells_mean,n_cells_p95,linkage_p_success_mean,linkage_p_success_p95
student,20,gender,gender,none,5,500,0.0206,0.05,0.0319,0.1,5.04,10.0,0.0206,0.05,0.0319,0.1,2.494,3.0,,
student,20,gender,gender,suppress_k,5,500,0.0165,0.05,0.029799999999999997,0.1,5.138,10.0,0.0165,0.05,0.029799999999999997,0.1,2.438,3.0,,
student,20,gender,gender,analytic_uniform_heuristic,5,0,1.0,,,,,,1.0,,,,,,,
student,20,gender+age_exact,gender|age_exact,none,5,500,0.4345,0.65,0.9855,1.0,1.0,1.0,0.4345,0.65,0.9855,1.0,13.472,16.0,,
student,20,gender+age_exact,gender|age_exact,age_bands,5,500,0.048900000000000006,0.1,0.24719999999999998,0.45,1.584,4.0,0.048900000000000006,0.1,0.24719999999999998,0.45,4.35,6.0,,
student,20,gender+age_exact,gender|age_exact,suppress_k,5,500,0.0,0.0,0.0,0.0,19.21,20.0,0.0,0.0,0.0,0.0,1.054,2.0,,
student,20,gender+age_exact,gender|age_exact,analytic_uniform_heuristic,5,0,0.15059346955373415,,,,,,0.15059346955373415,,,,,,,
student,20,gender+age_band+status,gender|age_band|student_status,none,5,500,0.1408,0.2524999999999977,0.40930000000000005,0.7,1.058,1.0499999999999545,0.1408,0.2524999999999977,0.40930000000000005,0.7,6.548,9.0,,
student,20,gender+age_band+status,gender|age_band|student_status,suppress_k,5,500,0.0001,0.0,0.019700000000000002,0.2,6.05,9.0,0.0001,0.0,0.019700000000000002,0.2,2.694,3.0,,
student,20,gender+age_band+status,gender|age_band|student_status,analytic_uniform_heuristic,5,0,0.27929589262158044,,,,,,0.27929589262158044,,,,,,,
student,20,gender+age_exact+status,gender|age_exact|student_status,none,5,500,0.5593999999999999,0.8,0.9912,1.0,1.0,1.0,0.5593999999999999,0.8,0.9912,1.0,15.032,18.0,,
student,20,gender+age_exact+status,gender|age_exact|student_status,age_bands,5,500,0.141,0.25,0.407,0.7,1.044,1.0,0.141,0.25,0.407,0.7,6.532,9.0,,
student,20,gender+age_exact+status,gender|age_exact|student_status,suppress_k,5,500,0.0,0.0,0.0,0.0,19.496,20.0,0.0,0.0,0.0,0.0,1.034,1.0,,
student,20,gender+age_exact+status,gender|age_exact|student_status,analytic_uniform_heuristic,5,0,0.0562465360552488,,,,,,0.0562465360552488,,,,,,,
student,20,gender+age_band+status+week,gender|age_band|student_status|completion_week,none,5,500,0.4133,0.65,0.966,1.0,1.0,1.0,0.4133,0.65,0.966,1.0,12.906,16.0,,
student,20,gender+age_band+status+week,gender|age_band|student_status|completion_week,suppress_k,5,500,0.0,0.0,0.0,0.0,18.138,20.0,0.0,0.0,0.0,0.0,1.13,2.0,,
student,20,gender+age_band+status+week,gender|age_band|student_status|completion_week,analytic_uniform_heuristic,5,0,0.09432773348529934,,,,,,0.09432773348529934,,,,,,,
student,30,gender,gender,none,5,500,0.0198,0.06666666666666667,0.031466666666666664,0.1,5.584,15.0,0.0198,0.06666666666666667,0.031466666666666664,0.1,2.756,4.0,,
student,30,gender,gender,suppress_k,5,500,0.012866666666666667,0.03333333333333333,0.030799999999999998,0.1,5.756,15.0,0.012866666666666667,0.03333333333333333,0.030799999999999998,0.1,2.63,3.0,,
student,30,gender,gender,analytic_uniform_heuristic,5,0,1.0,,,,,,1.0,,,,,,,
student,30,gender+age_exact,gender|age_exact,none,5,500,0.2972,0.43333333333333335,0.9490666666666667,1.0,1.0,1.0,0.2972,0.43333333333333335,0.9490666666666667,1.0,17.03,20.0,,
student,30,gender+age_exact,gender|age_exact,age_bands,5,500,0.03073333333333333,0.06666666666666667,0.15760000000000002,0.3,1.686,4.0,0.03073333333333333,0.06666666666666667,0.15760000000000002,0.3,4.736,6.0,,
student,30,gender+age_exact,gender|age_exact,suppress_k,5,500,0.0,0.0,0.0,0.0,23.62,30.0,0.0,0.0,0.0,0.0,1.288,2.0,,
student,30,gender+age_exact,gender|age_exact,analytic_uniform_heuristic,5,0,0.20651279254425295,,,,,,0.20651279254425295,,,,,,,
student,30,gender+age_band+status,gender|age_band|student_status,none,5,500,0.10906666666666666,0.2,0.31139999999999995,0.4666666666666667,1.046,1.0,0.10906666666666666,0.2,0.31139999999999995,0.4666666666666667,7.814,10.0,,
student,30,gender+age_band+status,gender|age_band|student_status,suppress_k,5,500,6.666666666666667e-05,0.0,0.0054666666666666665,0.0,6.902,9.0,6.666666666666667e-05,0.0,0.0054666666666666665,0.0,3.27,4.0,,
student,30,gender+age_band+status,gender|age_band|student_status,analytic_uniform_heuristic,5,0,0.33940795230274856,,,,,,0.33940795230274856,,,,,,,
student,30,gender+age_exact+status,gender|age_exact|student_status,none,5,500,0.42979999999999996,0.6,0.9683333333333333,1.0,1.0,1.0,0.42979999999999996,0.6,0.9683333333333333,1.0,19.718,23.0,,
student,30,gender+age_exact+status,gender|age_exact|student_status,age_bands,5,500,0.1064,0.2,0.3113333333333333,0.4666666666666667,1.06,1.0,0.1064,0.2,0.3113333333333333,0.4666666666666667,7.732,10.0,,
student,30,gender+age_exact+status,gender|age_exact|student_status,suppress_k,5,500,0.0,0.0,0.0,0.0,25.696,30.0,0.0,0.0,0.0,0.0,1.18,2.0,,
student,30,gender+age_exact+status,gender|age_exact|student_status,analytic_uniform_heuristic,5,0,0.08189216203861269,,,,,,0.08189216203861269,,,,,,,
student,30,gender+age_band+status+week,gender|age_band|student_status|completion_week,none,5,500,0.2978666666666666,0.4349999999999985,0.8692000000000001,1.0,1.0,1.0,0.2978666666666666,0.4349999999999985,0.8692000000000001,1.0,16.15,20.0,,
student,30,gender+age_band+status+week,gender|age_band|student_status|completion_week,suppress_k,5,500,0.0,0.0,0.0,0.0,15.556,30.0,0.0,0.0,0.0,0.0,1.714,3.0,,
student,30,gender+age_band+status+week,gender|age_band|student_status|completion_week,analytic_uniform_heuristic,5,0,0.13429258813836892,,,,,,0.13429258813836892,,,,,,,
student,50,gender,gender,none,5,500,0.014320000000000001,0.04,0.031,0.08,5.338,24.0,0.014320000000000001,0.04,0.031,0.08,3.084,4.0,,
student,50,gender,gender,suppress_k,5,500,0.006520000000000001,0.02,0.029920000000000002,0.06099999999999909,5.808,24.0,0.006520000000000001,0.02,0.029920000000000002,0.06099999999999909,2.806,3.0,,
student,50,gender,gender,analytic_uniform_heuristic,5,0,1.0,,,,,,1.0,,,,,,,
student,50,gender+age_exact,gender|age_exact,none,5,500,0.15992,0.24,0.7855200000000001,1.0,1.0,1.0,0.15992,0.24,0.7855200000000001,1.0,21.314,25.0,,
student,50,gender+age_exact,gender|age_exact,age_bands,5,500,0.01896,0.04099999999999909,0.07019999999999998,0.16,1.952,5.0,0.01896,0.04099999999999909,0.07019999999999998,0.16,5.142,7.0,,
student,50,gender+age_exact,gender|age_exact,suppress_k,5,500,0.0,0.0,0.0,0.0,8.162,50.0,0.0,0.0,0.0,0.0,2.918,5.0,,
student,50,gender+age_exact,gender|age_exact,analytic_uniform_heuristic,5,0,0.28767017091234354,,,,,,0.28767017091234354,,,,,,,
student,50,gender+age_band+status,gender|age_band|student_status,none,5,500,0.07056,0.12,0.22280000000000005,0.34,1.01,1.0,0.07056,0.12,0.22280000000000005,0.34,9.568,12.0,,
student,50,gender+age_band+status,gender|age_band|student_status,suppress_k,5,500,0.0,0.0,0.0024400000000000003,0.0,7.232,14.0,0.0,0.0,0.0024400000000000003,0.0,4.152,5.0,,
student,50,gender+age_band+status,gender|age_band|student_status,analytic_uniform_heuristic,5,0,1.0,,,,,,1.0,,,,,,,
student,50,gender+age_exact+status,gender|age_exact|student_status,none,5,500,0.29372000000000004,0.42,0.86692,1.0,1.0,1.0,0.29372000000000004,0.42,0.86692,1.0,26.83,31.0,,
student,50,gender+age_exact+status,gender|age_exact|student_status,age_bands,5,500,0.06956,0.12,0.22324000000000002,0.34099999999999914,1.018,1.0,0.06956,0.12,0.22324000000000002,0.34099999999999914,9.504,12.0,,
student,50,gender+age_exact+status,gender|age_exact|student_status,suppress_k,5,500,0.0,0.0,0.0,0.0,15.262,50.0,0.0,0.0,0.0,0.0,2.21,4.0,,
student,50,gender+age_exact+status,gender|age_exact|student_status,analytic_uniform_heuristic,5,0,0.12858836658252337,,,,,,0.12858836658252337,,,,,,,
student,50,gender+age_band+status+week,gender|age_band|student_status|completion_week,none,5,500,0.20528000000000002,0.3,0.63748,0.86,1.0,1.0,0.20528000000000002,0.3,0.63748,0.86,21.098,25.0,,
student,50,gender+age_band+status+week,gender|age_band|student_status|completion_week,suppress_k,5,500,0.0,0.0,0.0,0.0,5.588,7.0,0.0,0.0,0.0,0.0,3.994,6.0,,
student,50,gender+age_band+status+week,gender|age_band|student_status|completion_week,analytic_uniform_heuristic,5,0,0.2016246211188936,,,,,,0.2016246211188936,,,,,,,
student,100,gender,gender,none,5,500,0.007,0.02,0.02602,0.05,3.742,7.0499999999999545,0.007,0.02,0.02602,0.05,3.51,4.0,,
student,100,gender,gender,suppress_k,5,500,0.0017600000000000003,0.01,0.020560000000000002,0.04,4.906,7.0499999999999545,0.0017600000000000003,0.01,0.020560000000000002,0.04,2.996,3.0,,
student,100,gender,gender,analytic_uniform_heuristic,5,0,1.0,,,,,,1.0,,,,,,,
student,100,gender+age_exact,gender|age_exact,none,5,500,0.0694,0.11,0.36936,0.49,1.002,1.0,0.0694,0.11,0.36936,0.49,26.482,30.0,,
student,100,gender+age_exact,gender|age_exact,age_bands,5,500,0.011920000000000002,0.03,0.030060000000000003,0.06,1.564,4.0,0.011920000000000002,0.03,0.030060000000000003,0.06,5.928,7.0,,
student,100,gender+age_exact,gender|age_exact,suppress_k,5,500,0.0,0.0,0.0,0.0,5.038,5.0,0.0,0.0,0.0,0.0,10.448,13.0,,
student,100,gender+age_exact,gender|age_exact,analytic_uniform_heuristic,5,0,0.3674283249133521,,,,,,0.3674283249133521,,,,,,,
student,100,gender+age_band+status,gender|age_band|student_status,none,5,500,0.036680000000000004,0.06,0.13434000000000001,0.2,1.016,1.0,0.036680000000000004,0.06,0.13434000000000001,0.2,12.052,15.0,,
student,100,gender+age_band+status,gender|age_band|student_status,suppress_k,5,500,0.0,0.0,0.00026000000000000003,0.0,6.644,10.0,0.0,0.0,0.00026000000000000003,0.0,5.736,7.0,,
student,100,gender+age_band+status,gender|age_band|student_status,analytic_uniform_heuristic,5,0,1.0,,,,,,1.0,,,,,,,
student,100,gender+age_exact+status,gender|age_exact|student_status,none,5,500,0.18036000000000002,0.24,0.54462,0.68,1.0,1.0,0.18036000000000002,0.24,0.54462,0.68,38.246,44.0,,
student,100,gender+age_exact+status,gender|age_exact|student_status,age_bands,5,500,0.036719999999999996,0.06,0.1361,0.2,1.012,1.0,0.036719999999999996,0.06,0.1361,0.2,12.062,14.0,,
student,100,gender+age_exact+status,gender|age_exact|student_status,suppress_k,5,500,0.0,0.0,0.0,0.0,5.056,5.0499999999999545,0.0,0.0,0.0,0.0,8.212,10.0,,
student,100,gender+age_exact+status,gender|age_exact|student_status,analytic_uniform_heuristic,5,0,0.22156857147284292,,,,,,0.22156857147284292,,,,,,,
student,100,gender+age_band+status+week,gender|age_band|student_status|completion_week,none,5,500,0.12264000000000001,0.18,0.3536,0.46,1.0,1.0,0.12264000000000001,0.18,0.3536,0.46,28.884,33.0,,
student,100,gender+age_band+status+week,gender|age_band|student_status|completion_week,suppress_k,5,500,0.0,0.0,0.0,0.0,5.37,7.0,0.0,0.0,0.0,0.0,8.972,10.049999999999955,,
student,100,gender+age_band+status+week,gender|age_band|student_status|completion_week,analytic_uniform_heuristic,5,0,0.31058500710781756,,,,,,0.31058500710781756,,,,,,,
student,200,gender,gender,none,5,500,0.0019000000000000002,0.005,0.017370000000000003,0.035,2.23,5.0,0.0019000000000000002,0.005,0.017370000000000003,0.035,3.85,4.0,,
student,200,gender,gender,suppress_k,5,500,0.00065,0.005,0.00809,0.02,3.858,7.0,0.00065,0.005,0.00809,0.02,3.324,4.0,,
student,200,gender,gender,analytic_uniform_heuristic,5,0,1.0,,,,,,1.0,,,,,,,
student,200,gender+age_exact,gender|age_exact,none,5,500,0.039330000000000004,0.06,0.12344,0.17,1.0,1.0,0.039330000000000004,0.06,0.12344,0.17,31.5,35.0,,
student,200,gender+age_exact,gender|age_exact,age_bands,5,500,0.0061600000000000005,0.015,0.024250000000000008,0.04024999999999977,1.364,3.0,0.0061600000000000005,0.015,0.024250000000000008,0.04024999999999977,6.834,8.0,,
student,200,gender+age_exact,gender|age_exact,suppress_k,5,500,0.0,0.0,0.0,0.0,5.258,6.0,0.0,0.0,0.0,0.0,18.636,21.0,,
student,200,gender+age_exact,gender|age_exact,analytic_uniform_heuristic,5,0,1.0,,,,,,1.0,,,,,,,
student,200,gender+age_band+status,gender|age_band|student_status,none,5,500,0.017360000000000004,0.03,0.07971,0.115,1.024,1.0,0.017360000000000004,0.03,0.07971,0.115,14.638,17.0,,
student,200,gender+age_band+status,gender|age_band|student_status,suppress_k,5,500,0.0,0.0,0.0,0.0,5.942,9.0,0.0,0.0,0.0,0.0,7.658,9.0,,
student,200,gender+age_band+status,gender|age_band|student_status,analytic_uniform_heuristic,5,0,1.0,,,,,,1.0,,,,,,,
student,200,gender+age_exact+status,gender|age_exact|student_status,none,5,500,0.11331000000000001,0.14524999999999977,0.28041000000000005,0.345,1.0,1.0,0.11331000000000001,0.14524999999999977,0.28041000000000005,0.345,51.758,58.0,,
student,200,gender+age_exact+status,gender|age_exact|student_status,age_bands,5,500,0.01719,0.03,0.07945999999999999,0.11,1.024,1.0,0.01719,0.03,0.07945999999999999,0.11,14.58,17.0,,
student,200,gender+age_exact+status,gender|age_exact|student_status,suppress_k,5,500,0.0,0.0,0.0,0.0,5.126,6.0,0.0,0.0,0.0,0.0,17.182,19.049999999999955,,
student,200,gender+age_exact+status,gender|age_exact|student_status,analytic_uniform_heuristic,5,0,0.32892063349225925,,,,,,0.32892063349225925,,,,,,,
student,200,gender+age_band+status+week,gender|age_band|student_status|completion_week,none,5,500,0.07064,0.09524999999999978,0.22144999999999998,0.2802499999999998,1.0,1.0,0.07064,0.09524999999999978,0.22144999999999998,0.2802499999999998,37.988,43.0,,
student,200,gender+age_band+status+week,gender|age_band|student_status|completion_week,suppress_k,5,500,0.0,0.0,0.0,0.0,5.204,6.0,0.0,0.0,0.0,0.0,13.622,16.0,,
student,200,gender+age_band+status+week,gender|age_band|student_status|completion_week,analytic_uniform_heuristic,5,0,1.0,,,,,,1.0,,,,,,,
student,500,gender,gender,none,5,500,7.6e-05,0.0,0.002972,0.008,4.83,8.049999999999955,7.6e-05,0.0,0.002972,0.008,3.994,4.0,,
student,500,gender,gender,suppress_k,5,500,7.2e-05,0.0,0.0027919999999999998,0.008,4.884,8.049999999999955,7.2e-05,0.0,0.0027919999999999998,0.008,3.98,4.0,,
student,500,gender,gender,analytic_uniform_heuristic,5,0,1.0,,,,,,1.0,,,,,,,
student,500,gender+age_exact,gender|age_exact,none,5,500,0.019812,0.03,0.05727200000000001,0.076,1.0,1.0,0.019812,0.03,0.05727200000000001,0.076,39.648,44.0,,
student,500,gender+age_exact,gender|age_exact,age_bands,5,500,0.0018600000000000003,0.004,0.010804000000000003,0.02,1.516,3.0,0.0018600000000000003,0.004,0.010804000000000003,0.02,7.804,9.0,,
student,500,gender+age_exact,gender|age_exact,suppress_k,5,500,0.0,0.0,0.0,0.0,5.77,8.0,0.0,0.0,0.0,0.0,23.444,25.0,,
student,500,gender+age_exact,gender|age_exact,analytic_uniform_heuristic,5,0,1.0,,,,,,1.0,,,,,,,
student,500,gender+age_band+status,gender|age_band|student_status,none,5,500,0.005776000000000002,0.012,0.028112,0.044,1.04,1.0,0.005776000000000002,0.012,0.028112,0.044,17.358,20.0,,
student,500,gender+age_band+status,gender|age_band|student_status,suppress_k,5,500,0.0,0.0,5.9999999999999995e-05,0.0,5.572,7.0,0.0,0.0,5.9999999999999995e-05,0.0,11.61,13.0,,
student,500,gender+age_band+status,gender|age_band|student_status,analytic_uniform_heuristic,5,0,1.0,,,,,,1.0,,,,,,,
student,500,gender+age_exact+status,gender|age_exact|student_status,none,5,500,0.053832000000000005,0.068,0.18067599999999998,0.21,1.0,1.0,0.053832000000000005,0.068,0.18067599999999998,0.21,75.146,82.0,,
student,500,gender+age_exact+status,gender|age_exact|student_status,age_bands,5,500,0.005680000000000002,0.01,0.028056,0.044,1.054,1.0,0.005680000000000002,0.01,0.028056,0.044,17.416,20.0,,
student,500,gender+age_exact+status,gender|age_exact|student_status,suppress_k,5,500,0.0,0.0,0.0,0.0,5.136,6.0,0.0,0.0,0.0,0.0,25.024,28.0,,
student,500,gender+age_exact+status,gender|age_exact|student_status,analytic_uniform_heuristic,5,0,1.0,,,,,,1.0,,,,,,,
student,500,gender+age_band+status+week,gender|age_band|student_status|completion_week,none,5,500,0.029076,0.04,0.11640800000000001,0.142,1.0,1.0,0.029076,0.04,0.11640800000000001,0.142,51.486,57.0,,
student,500,gender+age_band+status+week,gender|age_band|student_status|completion_week,suppress_k,5,500,0.0,0.0,0.0,0.0,5.13,6.0,0.0,0.0,0.0,0.0,21.782,24.0,,
student,500,gender+age_band+status+week,gender|age_band|student_status|completion_week,analytic_uniform_heuristic,5,0,1.0,,,,,,1.0,,,,,,,
student,20,linkage_roster_attack,gender|age_exact|student_status,none,5,200,,,,,,,,,,,,,0.059000000000000004,0.15249999999999914
student,30,linkage_roster_attack,gender|age_exact|student_status,none,5,200,,,,,,,,,,,,,0.061,0.13333333333333333
student,50,linkage_roster_attack,gender|age_exact|student_status,none,5,200,,,,,,,,,,,,,0.0521,0.1
student,100,linkage_roster_attack,gender|age_exact|student_status,none,5,200,,,,,,,,,,,,,0.043800000000000006,0.08
student,200,linkage_roster_attack,gender|age_exact|student_status,none,5,200,,,,,,,,,,,,,0.031175,0.05
student,500,linkage_roster_attack,gender|age_exact|student_status,none,5,200,,,,,,,,,,,,,0.0131,0.022
hr,20,race,race_ethnicity,none,5,500,0.06480000000000001,0.15,0.28020000000000006,0.45249999999999774,1.334,3.0,0.06480000000000001,0.15,0.28020000000000006,0.45249999999999774,4.26,6.0,,
hr,20,race,race_ethnicity,suppress_k,5,500,0.0014000000000000002,0.0,0.0538,0.2,5.568,9.0,0.0014000000000000002,0.0,0.0538,0.2,2.352,3.0,,
hr,20,race,race_ethnicity,analytic_uniform_heuristic,5,0,1.0,,,,,,1.0,,,,,,,
hr,20,race+job,race_ethnicity|job_level,none,5,500,0.2454,0.4,0.7373999999999999,1.0,1.006,1.0,0.2454,0.4,0.7373999999999999,1.0,9.502,12.0,,
hr,20,race+job,race_ethnicity|job_level,suppress_k,5,500,0.0,0.0,0.0007,0.0,9.5,20.0,0.0,0.0,0.0007,0.0,1.894,3.0,,
hr,20,race+job,race_ethnicity|job_level,analytic_uniform_heuristic,5,0,0.3712222902340461,,,,,,0.3712222902340461,,,,,,,
hr,20,race+job+years,race_ethnicity|job_level|years_in_hr,none,5,500,0.6077,0.8,0.9897,1.0,1.0,1.0,0.6077,0.8,0.9897,1.0,15.588,18.0,,
hr,20,race+job+years,race_ethnicity|job_level|years_in_hr,suppress_k,5,500,0.0,0.0,0.0,0.0,19.406,20.0,0.0,0.0,0.0,0.0,1.04,1.0,,
hr,20,race+job+years,race_ethnicity|job_level|years_in_hr,analytic_uniform_heuristic,5,0,0.17074729621885382,,,,,,0.17074729621885382,,,,,,,
hr,20,race+job+years+creds,race_ethnicity|job_level|years_in_hr|credential_count,none,5,500,0.8547,1.0,1.0,1.0,1.0,1.0,0.8547,1.0,1.0,1.0,18.47,20.0,,
hr,20,race+job+years+creds,race_ethnicity|job_level|years_in_hr|credential_count,suppress_k,5,500,0.0,0.0,0.0,0.0,20.0,20.0,0.0,0.0,0.0,0.0,1.0,1.0,,
hr,20,race+job+years+creds,race_ethnicity|job_level|years_in_hr|credential_count,analytic_uniform_heuristic,5,0,0.049565810678337714,,,,,,0.049565810678337714,,,,,,,
hr,30,race,race_ethnicity,none,5,500,0.04153333333333333,0.1,0.19806666666666667,0.36666666666666664,1.268,2.0,0.04153333333333333,0.1,0.19806666666666667,0.36666666666666664,4.8,6.0,,
hr,30,race,race_ethnicity,suppress_k,5,500,0.0009333333333333333,0.0,0.03,0.13333333333333333,5.682,11.0,0.0009333333333333333,0.0,0.03,0.13333333333333333,2.856,4.0,,
hr,30,race,race_ethnicity,analytic_uniform_heuristic,5,0,1.0,,,,,,1.0,,,,,,,
hr,30,race+job,race_ethnicity|job_level,none,5,500,0.17146666666666668,0.26666666666666666,0.5516666666666666,0.8,1.0,1.0,0.17146666666666668,0.26666666666666666,0.5516666666666666,0.8,11.454,14.0,,
hr,30,race+job,race_ethnicity|job_level,suppress_k,5,500,0.0,0.0,0.0,0.0,6.372,10.0,0.0,0.0,0.0,0.0,3.0,4.0,,
hr,30,race+job,race_ethnicity|job_level,analytic_uniform_heuristic,5,0,1.0,,,,,,1.0,,,,,,,
hr,30,race+job+years,race_ethnicity|job_level|years_in_hr,none,5,500,0.48679999999999995,0.6333333333333333,0.9659333333333334,1.0,1.0,1.0,0.48679999999999995,0.6333333333333333,0.9659333333333334,1.0,20.83,24.0,,
hr,30,race+job+years,race_ethnicity|job_level|years_in_hr,suppress_k,5,500,0.0,0.0,0.0,0.0,25.46,30.0,0.0,0.0,0.0,0.0,1.192,2.0,,
hr,30,race+job+years,race_ethnicity|job_level|years_in_hr,analytic_uniform_heuristic,5,0,0.23065815662502834,,,,,,0.23065815662502834,,,,,,,
hr,30,race+job+years+creds,race_ethnicity|job_level|years_in_hr|credential_count,none,5,500,0.7836000000000001,0.9333333333333333,0.9996666666666667,1.0,1.0,1.0,0.7836000000000001,0.9333333333333333,0.9996666666666667,1.0,26.556,29.0,,
hr,30,race+job+years+creds,race_ethnicity|job_level|years_in_hr|credential_count,suppress_k,5,500,0.0,0.0,0.0,0.0,29.95,30.0,0.0,0.0,0.0,0.0,1.002,1.0,,
hr,30,race+job+years+creds,race_ethnicity|job_level|years_in_hr|credential_count,analytic_uniform_heuristic,5,0,0.07243508411574356,,,,,,0.07243508411574356,,,,,,,
hr,50,race,race_ethnicity,none,5,500,0.01888,0.04,0.11596000000000001,0.22,1.458,3.0,0.01888,0.04,0.11596000000000001,0.22,5.318,6.0,,
hr,50,race,race_ethnicity,suppress_k,5,500,0.00068,0.0,0.0202,0.08,5.312,9.0,0.00068,0.0,0.0202,0.08,3.64,5.0,,
hr,50,race,race_ethnicity,analytic_uniform_heuristic,5,0,1.0,,,,,,1.0,,,,,,,
hr,50,race+job,race_ethnicity|job_level,none,5,500,0.1102,0.16,0.37544,0.52,1.0,1.0,0.1102,0.16,0.37544,0.52,14.206,17.0,,
hr,50,race+job,race_ethnicity|job_level,suppress_k,5,500,0.0,0.0,0.0,0.0,6.04,9.0,0.0,0.0,0.0,0.0,4.658,6.0,,
hr,50,race+job,race_ethnicity|job_level,analytic_uniform_heuristic,5,0,1.0,,,,,,1.0,,,,,,,
hr,50,race+job+years,race_ethnicity|job_level|years_in_hr,none,5,500,0.35084,0.48,0.8854000000000001,1.0,1.0,1.0,0.35084,0.48,0.8854000000000001,1.0,29.008,33.0,,
hr,50,race+job+years,race_ethnicity|job_level|years_in_hr,suppress_k,5,500,0.0,0.0,0.0,0.0,18.684,50.0,0.0,0.0,0.0,0.0,2.042,4.0,,
hr,50,race+job+years,race_ethnicity|job_level|years_in_hr,analytic_uniform_heuristic,5,0,0.31179203137350886,,,,,,0.31179203137350886,,,,,,,
hr,50,race+job+years+creds,race_ethnicity|job_level|years_in_hr|credential_count,none,5,500,0.6755599999999999,0.8,0.9952000000000001,1.0,1.0,1.0,0.6755599999999999,0.8,0.9952000000000001,1.0,41.03,45.0,,
hr,50,race+job+years+creds,race_ethnicity|job_level|years_in_hr|credential_count,suppress_k,5,500,0.0,0.0,0.0,0.0,47.84,50.0,0.0,0.0,0.0,0.0,1.048,1.0,,
hr,50,race+job+years+creds,race_ethnicity|job_level|years_in_hr|credential_count,analytic_uniform_heuristic,5,0,0.11459052533186737,,,,,,0.11459052533186737,,,,,,,
hr,100,race,race_ethnicity,none,5,500,0.00442,0.02,0.052580000000000016,0.1,1.946,4.0,0.00442,0.02,0.052580000000000016,0.1,5.804,6.0,,
hr,100,race,race_ethnicity,suppress_k,5,500,0.00042,0.0,0.011380000000000001,0.04,5.042,9.0,0.00042,0.0,0.011380000000000001,0.04,4.708,6.0,,
hr,100,race,race_ethnicity,analytic_uniform_heuristic,5,0,1.0,,,,,,1.0,,,,,,,
hr,100,race+job,race_ethnicity|job_level,none,5,500,0.05148000000000001,0.08,0.22168000000000002,0.3,1.004,1.0,0.05148000000000001,0.08,0.22168000000000002,0.3,17.874,21.0,,
hr,100,race+job,race_ethnicity|job_level,suppress_k,5,500,0.0,0.0,0.0,0.0,5.572,7.0,0.0,0.0,0.0,0.0,7.434,9.0,,
hr,100,race+job,race_ethnicity|job_level,analytic_uniform_heuristic,5,0,1.0,,,,,,1.0,,,,,,,
hr,100,race+job+years,race_ethnicity|job_level|years_in_hr,none,5,500,0.20298000000000002,0.27,0.6217800000000001,0.76,1.0,1.0,0.20298000000000002,0.27,0.6217800000000001,0.76,41.824,48.0,,
hr,100,race+job+years,race_ethnicity|job_level|years_in_hr,suppress_k,5,500,0.0,0.0,0.0,0.0,5.136,6.0,0.0,0.0,0.0,0.0,6.856,9.0,,
hr,100,race+job+years,race_ethnicity|job_level|years_in_hr,analytic_uniform_heuristic,5,0,1.0,,,,,,1.0,,,,,,,
hr,100,race+job+years+creds,race_ethnicity|job_level|years_in_hr|credential_count,none,5,500,0.5058400000000001,0.6,0.96468,1.0,1.0,1.0,0.5058400000000001,0.6,0.96468,1.0,70.406,77.0,,
hr,100,race+job+years+creds,race_ethnicity|job_level|years_in_hr|credential_count,suppress_k,5,500,0.0,0.0,0.0,0.0,50.75,100.0,0.0,0.0,0.0,0.0,1.66,3.0,,
hr,100,race+job+years+creds,race_ethnicity|job_level|years_in_hr|credential_count,analytic_uniform_heuristic,5,0,0.20116674375616672,,,,,,0.20116674375616672,,,,,,,
hr,200,race,race_ethnicity,none,5,500,0.00035999999999999997,0.005,0.01396,0.035,3.59,6.0,0.00035999999999999997,0.005,0.01396,0.035,5.984,6.0,,
hr,200,race,race_ethnicity,suppress_k,5,500,0.00026000000000000003,0.005,0.0089,0.02,4.206,7.0,0.00026000000000000003,0.005,0.0089,0.02,5.804,6.0,,
hr,200,race,race_ethnicity,analytic_uniform_heuristic,5,0,1.0,,,,,,1.0,,,,,,,
hr,200,race+job,race_ethnicity|job_level,none,5,500,0.019190000000000002,0.035,0.11535000000000001,0.16,1.018,1.0,0.019190000000000002,0.035,0.11535000000000001,0.16,21.006,23.0,,
hr,200,race+job,race_ethnicity|job_level,suppress_k,5,500,0.0,0.0,0.0,0.0,5.354,7.0,0.0,0.0,0.0,0.0,11.286,13.0,,
hr,200,race+job,race_ethnicity|job_level,analytic_uniform_heuristic,5,0,1.0,,,,,,1.0,,,,,,,
hr,200,race+job+years,race_ethnicity|job_level|years_in_hr,none,5,500,0.10831,0.14,0.37829999999999997,0.465,1.0,1.0,0.10831,0.14,0.37829999999999997,0.465,56.524,62.049999999999955,,
hr,200,race+job+years,race_ethnicity|job_level|years_in_hr,suppress_k,5,500,0.0,0.0,0.0,0.0,5.058,6.0,0.0,0.0,0.0,0.0,15.524,18.0,,
hr,200,race+job+years,race_ethnicity|job_level|years_in_hr,analytic_uniform_heuristic,5,0,1.0,,,,,,1.0,,,,,,,
hr,200,race+job+years+creds,race_ethnicity|job_level|years_in_hr|credential_count,none,5,500,0.33197000000000004,0.39,0.82842,0.92,1.0,1.0,0.33197000000000004,0.39,0.82842,0.92,111.03,119.0,,
hr,200,race+job+years+creds,race_ethnicity|job_level|years_in_hr|credential_count,suppress_k,5,500,0.0,0.0,0.0,0.0,5.438,5.0,0.0,0.0,0.0,0.0,6.812,10.0,,
hr,200,race+job+years+creds,race_ethnicity|job_level|years_in_hr|credential_count,analytic_uniform_heuristic,5,0,0.30998533035789777,,,,,,0.30998533035789777,,,,,,,
hr,500,race,race_ethnicity,none,5,500,0.0,0.0,0.000188,0.0,9.694,14.0,0.0,0.0,0.000188,0.0,6.0,6.0,,
hr,500,race,race_ethnicity,suppress_k,5,500,0.0,0.0,0.000188,0.0,9.694,14.0,0.0,0.0,0.000188,0.0,6.0,6.0,,
hr,500,race,race_ethnicity,analytic_uniform_heuristic,5,0,1.0,,,,,,1.0,,,,,,,
hr,500,race+job,race_ethnicity|job_level,none,5,500,0.002748000000000001,0.006,0.035752,0.052,1.218,2.0,0.002748000000000001,0.006,0.035752,0.052,23.336,24.0,,
hr,500,race+job,race_ethnicity|job_level,suppress_k,5,500,0.0,0.0,0.0,0.0,5.28,7.0,0.0,0.0,0.0,0.0,17.408,20.0,,
hr,500,race+job,race_ethnicity|job_level,analytic_uniform_heuristic,5,0,1.0,,,,,,1.0,,,,,,,
hr,500,race+job+years,race_ethnicity|job_level|years_in_hr,none,5,500,0.038,0.05,0.18296800000000002,0.216,1.0,1.0,0.038,0.05,0.18296800000000002,0.216,75.344,81.0,,
hr,500,race+job+years,race_ethnicity|job_level|years_in_hr,suppress_k,5,500,0.0,0.0,0.0,0.0,5.014,5.0,0.0,0.0,0.0,0.0,30.886,34.049999999999955,,
hr,500,race+job+years,race_ethnicity|job_level|years_in_hr,analytic_uniform_heuristic,5,0,1.0,,,,,,1.0,,,,,,,
hr,500,race+job+years+creds,race_ethnicity|job_level|years_in_hr|credential_count,none,5,500,0.1606,0.186,0.50432,0.5600999999999999,1.0,1.0,0.1606,0.186,0.50432,0.5600999999999999,177.71,189.0,,
hr,500,race+job+years+creds,race_ethnicity|job_level|years_in_hr|credential_count,suppress_k,5,500,0.0,0.0,0.0,0.0,5.0,5.0,0.0,0.0,0.0,0.0,33.498,38.0,,
hr,500,race+job+years+creds,race_ethnicity|job_level|years_in_hr|credential_count,analytic_uniform_heuristic,5,0,1.0,,,,,,1.0,,,,,,,
