cohort,N,scenario,qi_cols,mitigation,K,reps,frac_unique_mean,frac_unique_p95,frac_below_k_mean,frac_below_k_p95,min_k_mean,min_k_p95,p_unique_mean,p_unique_p95,p_below_k_mean,p_below_k_p95,n_cells_mean,n_cells_p95,linkage_p_success_mean
student,20,gender,gender,none,5,3000,0.020733333333333333,0.05,0.03331666666666667,0.1,5.048666666666667,10.0,0.020733333333333333,0.05,0.03331666666666667,0.1,2.4926666666666666,4.0,
student,20,gender,gender,suppress_k,5,3000,0.015933333333333334,0.05,0.029766666666666667,0.1,5.173,10.0,0.015933333333333334,0.05,0.029766666666666667,0.1,2.426,3.0,
student,20,gender,gender,analytic_uniform_heuristic,5,0,1.0,,,,,,1.0,,,,,,
student,20,gender+age_exact,gender|age_exact,none,5,3000,0.4377,0.65,0.9849166666666667,1.0,1.0,1.0,0.4377,0.65,0.9849166666666667,1.0,13.502,16.0,
student,20,gender+age_exact,gender|age_exact,age_bands,5,3000,0.047850000000000004,0.15,0.24956666666666663,0.5,1.5703333333333334,3.0,0.047850000000000004,0.15,0.24956666666666663,0.5,4.353,6.0,
student,20,gender+age_exact,gender|age_exact,suppress_k,5,3000,0.0,0.0,0.0,0.0,19.131666666666668,20.0,0.0,0.0,0.0,0.0,1.059,2.0,
student,20,gender+age_exact,gender|age_exact,analytic_uniform_heuristic,5,0,0.15059346955373415,,,,,,0.15059346955373415,,,,,,
student,20,gender+age_band+status,gender|age_band|student_status,none,5,3000,0.14379999999999998,0.25,0.40991666666666665,0.7,1.0496666666666667,1.0,0.14379999999999998,0.25,0.40991666666666665,0.7,6.579666666666666,9.0,
student,20,gender+age_band+status,gender|age_band|student_status,suppress_k,5,3000,8.333333333333333e-05,0.0,0.01855,0.2,5.977,9.0,8.333333333333333e-05,0.0,0.01855,0.2,2.704,3.0,
student,20,gender+age_band+status,gender|age_band|student_status,analytic_uniform_heuristic,5,0,0.27929589262158044,,,,,,0.27929589262158044,,,,,,
student,20,gender+age_exact+status,gender|age_exact|student_status,none,5,3000,0.5573333333333333,0.8,0.99315,1.0,1.0,1.0,0.5573333333333333,0.8,0.99315,1.0,15.002,18.0,0.061566666666666665
student,20,gender+age_exact+status,gender|age_exact|student_status,age_bands,5,3000,0.14493333333333333,0.3,0.4120666666666667,0.7,1.0403333333333333,1.0,0.14493333333333333,0.3,0.4120666666666667,0.7,6.597333333333333,9.0,
student,20,gender+age_exact+status,gender|age_exact|student_status,suppress_k,5,3000,0.0,0.0,0.0,0.0,19.610333333333333,20.0,0.0,0.0,0.0,0.0,1.0263333333333333,1.0,
student,20,gender+age_exact+status,gender|age_exact|student_status,analytic_uniform_heuristic,5,0,0.0562465360552488,,,,,,0.0562465360552488,,,,,,
student,20,gender+age_band+status+week,gender|age_band|student_status|completion_week,none,5,3000,0.4098833333333334,0.6,0.96275,1.0,1.0003333333333333,1.0,0.4098833333333334,0.6,0.96275,1.0,12.849666666666666,16.0,
student,20,gender+age_band+status+week,gender|age_band|student_status|completion_week,suppress_k,5,3000,0.0,0.0,0.0,0.0,17.951,20.0,0.0,0.0,0.0,0.0,1.1416666666666666,2.0,
student,20,gender+age_band+status+week,gender|age_band|student_status|completion_week,analytic_uniform_heuristic,5,0,0.09432773348529934,,,,,,0.09432773348529934,,,,,,
student,30,gender,gender,none,5,3000,0.018233333333333334,0.06666666666666667,0.029233333333333333,0.1,5.8693333333333335,15.0,0.018233333333333334,0.06666666666666667,0.029233333333333333,0.1,2.698,4.0,
student,30,gender,gender,suppress_k,5,3000,0.012699999999999998,0.03333333333333333,0.028611111111111115,0.1,6.022,15.0,0.012699999999999998,0.03333333333333333,0.028611111111111115,0.1,2.5926666666666667,3.0,
student,30,gender,gender,analytic_uniform_heuristic,5,0,1.0,,,,,,1.0,,,,,,
student,30,gender+age_exact,gender|age_exact,none,5,3000,0.2989888888888889,0.43333333333333335,0.9433333333333334,1.0,1.0,1.0,0.2989888888888889,0.43333333333333335,0.9433333333333334,1.0,17.041,20.0,
student,30,gender+age_exact,gender|age_exact,age_bands,5,3000,0.030044444444444443,0.06666666666666667,0.16083333333333333,0.3,1.715,4.0,0.030044444444444443,0.06666666666666667,0.16083333333333333,0.3,4.715,6.0,
student,30,gender+age_exact,gender|age_exact,suppress_k,5,3000,0.0,0.0,0.0,0.0,22.602,30.0,0.0,0.0,0.0,0.0,1.3206666666666667,2.0,
student,30,gender+age_exact,gender|age_exact,analytic_uniform_heuristic,5,0,0.20651279254425295,,,,,,0.20651279254425295,,,,,,
student,30,gender+age_band+status,gender|age_band|student_status,none,5,3000,0.10736666666666668,0.2,0.31379999999999997,0.4666666666666667,1.0326666666666666,1.0,0.10736666666666668,0.2,0.31379999999999997,0.4666666666666667,7.812333333333333,10.0,
student,30,gender+age_band+status,gender|age_band|student_status,suppress_k,5,3000,3.3333333333333335e-05,0.0,0.0047,0.0,6.9013333333333335,9.0,3.3333333333333335e-05,0.0,0.0047,0.0,3.2613333333333334,4.0,
student,30,gender+age_band+status,gender|age_band|student_status,analytic_uniform_heuristic,5,0,0.33940795230274856,,,,,,0.33940795230274856,,,,,,
student,30,gender+age_exact+status,gender|age_exact|student_status,none,5,3000,0.43263333333333337,0.6,0.9705,1.0,1.0,1.0,0.43263333333333337,0.6,0.9705,1.0,19.84,23.0,0.05794444444444444
student,30,gender+age_exact+status,gender|age_exact|student_status,age_bands,5,3000,0.1069777777777778,0.2,0.31522222222222224,0.4666666666666667,1.033,1.0,0.1069777777777778,0.2,0.31522222222222224,0.4666666666666667,7.8196666666666665,10.0,
student,30,gender+age_exact+status,gender|age_exact|student_status,suppress_k,5,3000,0.0,0.0,0.0,0.0,25.961333333333332,30.0,0.0,0.0,0.0,0.0,1.1693333333333333,2.0,
student,30,gender+age_exact+status,gender|age_exact|student_status,analytic_uniform_heuristic,5,0,0.08189216203861269,,,,,,0.08189216203861269,,,,,,
student,30,gender+age_band+status+week,gender|age_band|student_status|completion_week,none,5,3000,0.30462222222222224,0.4666666666666667,0.8742222222222223,1.0,1.0,1.0,0.30462222222222224,0.4666666666666667,0.8742222222222223,1.0,16.370666666666665,20.0,
student,30,gender+age_band+status+week,gender|age_band|student_status|completion_week,suppress_k,5,3000,0.0,0.0,0.0,0.0,16.099666666666668,30.0,0.0,0.0,0.0,0.0,1.6886666666666668,3.0,
student,30,gender+age_band+status+week,gender|age_band|student_status|completion_week,analytic_uniform_heuristic,5,0,0.13429258813836892,,,,,,0.13429258813836892,,,,,,
student,50,gender,gender,none,5,3000,0.013833333333333333,0.04,0.029446666666666666,0.08,5.84,24.0,0.013833333333333333,0.04,0.029446666666666666,0.08,3.0323333333333333,4.0,
student,50,gender,gender,suppress_k,5,3000,0.0068066666666666675,0.02,0.02784,0.06,6.273666666666666,24.0,0.0068066666666666675,0.02,0.02784,0.06,2.781,3.0,
student,50,gender,gender,analytic_uniform_heuristic,5,0,1.0,,,,,,1.0,,,,,,
student,50,gender+age_exact,gender|age_exact,none,5,3000,0.16067333333333333,0.24,0.7877866666666667,1.0,1.0,1.0,0.16067333333333333,0.24,0.7877866666666667,1.0,21.391333333333332,25.0,
student,50,gender+age_exact,gender|age_exact,age_bands,5,3000,0.01932,0.04,0.06984,0.16,1.8873333333333333,6.0,0.01932,0.04,0.06984,0.16,5.181666666666667,7.0,
student,50,gender+age_exact,gender|age_exact,suppress_k,5,3000,0.0,0.0,0.0,0.0,8.246333333333334,50.0,0.0,0.0,0.0,0.0,2.905666666666667,5.0,
student,50,gender+age_exact,gender|age_exact,analytic_uniform_heuristic,5,0,0.28767017091234354,,,,,,0.28767017091234354,,,,,,
student,50,gender+age_band+status,gender|age_band|student_status,none,5,3000,0.07055333333333333,0.12,0.2228666666666667,0.34,1.019,1.0,0.07055333333333333,0.12,0.2228666666666667,0.34,9.533666666666667,12.0,
student,50,gender+age_band+status,gender|age_band|student_status,suppress_k,5,3000,0.0,0.0,0.0019466666666666669,0.0,7.233,15.0,0.0,0.0,0.0019466666666666669,0.0,4.146333333333334,5.0,
student,50,gender+age_band+status,gender|age_band|student_status,analytic_uniform_heuristic,5,0,1.0,,,,,,1.0,,,,,,
student,50,gender+age_exact+status,gender|age_exact|student_status,none,5,3000,0.29454,0.42,0.8748866666666668,1.0,1.0,1.0,0.29454,0.42,0.8748866666666668,1.0,26.918333333333333,31.0,0.05274666666666667
student,50,gender+age_exact+status,gender|age_exact|student_status,age_bands,5,3000,0.07142,0.12,0.22301999999999997,0.34,1.013,1.0,0.07142,0.12,0.22301999999999997,0.34,9.568333333333333,12.0,
student,50,gender+age_exact+status,gender|age_exact|student_status,suppress_k,5,3000,0.0,0.0,0.0,0.0,16.626,50.0,0.0,0.0,0.0,0.0,2.138333333333333,4.0,
student,50,gender+age_exact+status,gender|age_exact|student_status,analytic_uniform_heuristic,5,0,0.12858836658252337,,,,,,0.12858836658252337,,,,,,
student,50,gender+age_band+status+week,gender|age_band|student_status|completion_week,none,5,3000,0.20616,0.3,0.6477866666666667,0.86,1.0,1.0,0.20616,0.3,0.6477866666666667,0.86,21.252,25.0,
student,50,gender+age_band+status+week,gender|age_band|student_status|completion_week,suppress_k,5,3000,0.0,0.0,0.0,0.0,5.6866666666666665,7.0,0.0,0.0,0.0,0.0,3.9326666666666665,6.0,
student,50,gender+age_band+status+week,gender|age_band|student_status|completion_week,analytic_uniform_heuristic,5,0,0.2016246211188936,,,,,,0.2016246211188936,,,,,,
student,100,gender,gender,none,5,3000,0.006523333333333332,0.02,0.026743333333333334,0.05,4.007333333333333,39.0,0.006523333333333332,0.02,0.026743333333333334,0.05,3.4883333333333333,4.0,
student,100,gender,gender,suppress_k,5,3000,0.0017400000000000002,0.01,0.020023333333333334,0.04,5.201666666666667,39.0,0.0017400000000000002,0.01,0.020023333333333334,0.04,2.9793333333333334,3.0,
student,100,gender,gender,analytic_uniform_heuristic,5,0,1.0,,,,,,1.0,,,,,,
student,100,gender+age_exact,gender|age_exact,none,5,3000,0.06897,0.11,0.3652066666666666,0.49,1.0003333333333333,1.0,0.06897,0.11,0.3652066666666666,0.49,26.416,30.0,
student,100,gender+age_exact,gender|age_exact,age_bands,5,3000,0.01213,0.03,0.02928,0.06,1.728,6.0,0.01213,0.03,0.02928,0.06,5.913666666666667,7.0,
student,100,gender+age_exact,gender|age_exact,suppress_k,5,3000,0.0,0.0,0.0,0.0,5.043666666666667,5.0,0.0,0.0,0.0,0.0,10.547666666666666,13.0,
student,100,gender+age_exact,gender|age_exact,analytic_uniform_heuristic,5,0,0.3674283249133521,,,,,,0.3674283249133521,,,,,,
student,100,gender+age_band+status,gender|age_band|student_status,none,5,3000,0.036623333333333334,0.06,0.13380666666666668,0.2,1.0123333333333333,1.0,0.036623333333333334,0.06,0.13380666666666668,0.2,12.010666666666667,15.0,
student,100,gender+age_band+status,gender|age_band|student_status,suppress_k,5,3000,0.0,0.0,0.00023666666666666668,0.0,6.703666666666667,11.0,0.0,0.0,0.00023666666666666668,0.0,5.700333333333333,7.0,
student,100,gender+age_band+status,gender|age_band|student_status,analytic_uniform_heuristic,5,0,1.0,,,,,,1.0,,,,,,
student,100,gender+age_exact+status,gender|age_exact|student_status,none,5,3000,0.17507666666666669,0.24,0.5476966666666667,0.6804999999999973,1.0,1.0,0.17507666666666669,0.24,0.5476966666666667,0.6804999999999973,37.907,43.0,0.04476666666666667
student,100,gender+age_exact+status,gender|age_exact|student_status,age_bands,5,3000,0.03680666666666667,0.06,0.13476333333333332,0.2,1.0136666666666667,1.0,0.03680666666666667,0.06,0.13476333333333332,0.2,12.025666666666666,15.0,
student,100,gender+age_exact+status,gender|age_exact|student_status,suppress_k,5,3000,0.0,0.0,0.0,0.0,5.056666666666667,6.0,0.0,0.0,0.0,0.0,8.172666666666666,11.0,
student,100,gender+age_exact+status,gender|age_exact|student_status,analytic_uniform_heuristic,5,0,0.22156857147284292,,,,,,0.22156857147284292,,,,,,
student,100,gender+age_band+status+week,gender|age_band|student_status|completion_week,none,5,3000,0.12349333333333334,0.18,0.35513333333333336,0.46,1.0,1.0,0.12349333333333334,0.18,0.35513333333333336,0.46,29.026333333333334,34.0,
student,100,gender+age_band+status+week,gender|age_band|student_status|completion_week,suppress_k,5,3000,0.0,0.0,0.0,0.0,5.342333333333333,7.0,0.0,0.0,0.0,0.0,8.956,11.0,
student,100,gender+age_band+status+week,gender|age_band|student_status|completion_week,analytic_uniform_heuristic,5,0,0.31058500710781756,,,,,,0.31058500710781756,,,,,,
student,200,gender,gender,none,5,3000,0.001735,0.005,0.017449999999999997,0.035,2.4463333333333335,5.0,0.001735,0.005,0.017449999999999997,0.035,3.8426666666666667,4.0,
student,200,gender,gender,suppress_k,5,3000,0.0006083333333333333,0.005,0.008343333333333335,0.02,4.020666666666667,7.0,0.0006083333333333333,0.005,0.008343333333333335,0.02,3.3353333333333333,4.0,
student,200,gender,gender,analytic_uniform_heuristic,5,0,1.0,,,,,,1.0,,,,,,
student,200,gender+age_exact,gender|age_exact,none,5,3000,0.03927166666666667,0.06,0.122415,0.175,1.0,1.0,0.03927166666666667,0.06,0.122415,0.175,31.418333333333333,35.0,
student,200,gender+age_exact,gender|age_exact,age_bands,5,3000,0.006065,0.015,0.023815000000000003,0.04,1.398,3.0,0.006065,0.015,0.023815000000000003,0.04,6.770666666666667,8.0,
student,200,gender+age_exact,gender|age_exact,suppress_k,5,3000,0.0,0.0,0.0,0.0,5.2283333333333335,6.0,0.0,0.0,0.0,0.0,18.610666666666667,21.0,
student,200,gender+age_exact,gender|age_exact,analytic_uniform_heuristic,5,0,1.0,,,,,,1.0,,,,,,
student,200,gender+age_band+status,gender|age_band|student_status,none,5,3000,0.016885,0.03,0.07877833333333333,0.115,1.017,1.0,0.016885,0.03,0.07877833333333333,0.115,14.512333333333334,17.0,
student,200,gender+age_band+status,gender|age_band|student_status,suppress_k,5,3000,0.0,0.0,2.3333333333333336e-05,0.0,6.012,9.0,0.0,0.0,2.3333333333333336e-05,0.0,7.65,9.0,
student,200,gender+age_band+status,gender|age_band|student_status,analytic_uniform_heuristic,5,0,1.0,,,,,,1.0,,,,,,
student,200,gender+age_exact+status,gender|age_exact|student_status,none,5,3000,0.11257833333333334,0.145,0.279615,0.35,1.0,1.0,0.11257833333333334,0.145,0.279615,0.35,51.70433333333333,58.0,0.031241666666666675
student,200,gender+age_exact+status,gender|age_exact|student_status,age_bands,5,3000,0.017120000000000003,0.03,0.07918666666666667,0.115,1.018,1.0,0.017120000000000003,0.03,0.07918666666666667,0.115,14.560333333333332,17.0,
student,200,gender+age_exact+status,gender|age_exact|student_status,suppress_k,5,3000,0.0,0.0,0.0,0.0,5.128,6.0,0.0,0.0,0.0,0.0,17.279,19.0,
student,200,gender+age_exact+status,gender|age_exact|student_status,analytic_uniform_heuristic,5,0,0.32892063349225925,,,,,,0.32892063349225925,,,,,,
student,200,gender+age_band+status+week,gender|age_band|student_status|completion_week,none,5,3000,0.07051666666666667,0.1,0.22307166666666664,0.285,1.0,1.0,0.07051666666666667,0.1,0.22307166666666664,0.285,38.097,43.0,
student,200,gender+age_band+status+week,gender|age_band|student_status|completion_week,suppress_k,5,3000,0.0,0.0,0.0,0.0,5.214666666666667,6.0,0.0,0.0,0.0,0.0,13.581333333333333,16.0,
student,200,gender+age_band+status+week,gender|age_band|student_status|completion_week,analytic_uniform_heuristic,5,0,1.0,,,,,,1.0,,,,,,
student,500,gender,gender,none,5,3000,6.733333333333333e-05,0.0,0.0029633333333333334,0.008,4.871666666666667,9.0,6.733333333333333e-05,0.0,0.0029633333333333334,0.008,3.994,4.0,
student,500,gender,gender,suppress_k,5,3000,6.4e-05,0.0,0.0028186666666666664,0.008,4.917,9.0,6.4e-05,0.0,0.0028186666666666664,0.008,3.982,4.0,
student,500,gender,gender,analytic_uniform_heuristic,5,0,1.0,,,,,,1.0,,,,,,
student,500,gender+age_exact,gender|age_exact,none,5,3000,0.020106666666666665,0.028,0.05723200000000001,0.076,1.0,1.0,0.020106666666666665,0.028,0.05723200000000001,0.076,39.69233333333333,44.0,
student,500,gender+age_exact,gender|age_exact,age_bands,5,3000,0.001756666666666667,0.004,0.010675333333333335,0.02,1.5463333333333333,3.0,0.001756666666666667,0.004,0.010675333333333335,0.02,7.769666666666667,9.0,
student,500,gender+age_exact,gender|age_exact,suppress_k,5,3000,0.0,0.0,0.0,0.0,5.644666666666667,8.0,0.0,0.0,0.0,0.0,23.439333333333334,25.0,
student,500,gender+age_exact,gender|age_exact,analytic_uniform_heuristic,5,0,1.0,,,,,,1.0,,,,,,
student,500,gender+age_band+status,gender|age_band|student_status,none,5,3000,0.005724,0.01,0.028094666666666667,0.044,1.041,1.0,0.005724,0.01,0.028094666666666667,0.044,17.365333333333332,20.0,
student,500,gender+age_band+status,gender|age_band|student_status,suppress_k,5,3000,0.0,0.0,3.866666666666667e-05,0.0,5.567,7.0,0.0,0.0,3.866666666666667e-05,0.0,11.615333333333334,13.0,
student,500,gender+age_band+status,gender|age_band|student_status,analytic_uniform_heuristic,5,0,1.0,,,,,,1.0,,,,,,
student,500,gender+age_exact+status,gender|age_exact|student_status,none,5,3000,0.05346133333333334,0.068,0.18016866666666662,0.21,1.0,1.0,0.05346133333333334,0.068,0.18016866666666662,0.21,74.823,82.0,0.013433333333333335
student,500,gender+age_exact+status,gender|age_exact|student_status,age_bands,5,3000,0.005679333333333333,0.01,0.028238,0.044,1.0426666666666666,1.0,0.005679333333333333,0.01,0.028238,0.044,17.372666666666667,20.0,
student,500,gender+age_exact+status,gender|age_exact|student_status,suppress_k,5,3000,0.0,0.0,0.0,0.0,5.114333333333334,6.0,0.0,0.0,0.0,0.0,24.931,28.0,
student,500,gender+age_exact+status,gender|age_exact|student_status,analytic_uniform_heuristic,5,0,1.0,,,,,,1.0,,,,,,
student,500,gender+age_band+status+week,gender|age_band|student_status|completion_week,none,5,3000,0.029568000000000004,0.04,0.11535466666666667,0.142,1.0,1.0,0.029568000000000004,0.04,0.11535466666666667,0.142,51.583333333333336,57.0,
student,500,gender+age_band+status+week,gender|age_band|student_status|completion_week,suppress_k,5,3000,0.0,0.0,0.0,0.0,5.119666666666666,6.0,0.0,0.0,0.0,0.0,21.85333333333333,24.0,
student,500,gender+age_band+status+week,gender|age_band|student_status|completion_week,analytic_uniform_heuristic,5,0,1.0,,,,,,1.0,,,,,,
hr,20,race,race_ethnicity,none,5,3000,0.06781666666666668,0.15,0.28436666666666666,0.5,1.275,3.0,0.06781666666666668,0.15,0.28436666666666666,0.5,4.2973333333333334,6.0,
hr,20,race,race_ethnicity,suppress_k,5,3000,0.0016166666666666669,0.0,0.04741666666666667,0.2,5.632666666666666,9.0,0.0016166666666666669,0.0,0.04741666666666667,0.2,2.33,3.0,
hr,20,race,race_ethnicity,analytic_uniform_heuristic,5,0,1.0,,,,,,1.0,,,,,,
hr,20,race+job,race_ethnicity|job_level,none,5,3000,0.24381666666666668,0.4,0.7401666666666666,1.0,1.003,1.0,0.24381666666666668,0.4,0.7401666666666666,1.0,9.490666666666666,12.0,
hr,20,race+job,race_ethnicity|job_level,suppress_k,5,3000,0.0,0.0,0.0003333333333333333,0.0,9.632666666666667,20.0,0.0,0.0,0.0003333333333333333,0.0,1.8943333333333334,3.0,
hr,20,race+job,race_ethnicity|job_level,analytic_uniform_heuristic,5,0,0.3712222902340461,,,,,,0.3712222902340461,,,,,,
hr,20,race+job+years,race_ethnicity|job_level|years_in_hr,none,5,3000,0.5970333333333333,0.8,0.9937833333333335,1.0,1.0,1.0,0.5970333333333333,0.8,0.9937833333333335,1.0,15.459333333333333,18.0,
hr,20,race+job+years,race_ethnicity|job_level|years_in_hr,suppress_k,5,3000,0.0,0.0,0.0,0.0,19.644333333333332,20.0,0.0,0.0,0.0,0.0,1.024,1.0,
hr,20,race+job+years,race_ethnicity|job_level|years_in_hr,analytic_uniform_heuristic,5,0,0.17074729621885382,,,,,,0.17074729621885382,,,,,,
hr,20,race+job+years+creds,race_ethnicity|job_level|years_in_hr|credential_count,none,5,3000,0.8524833333333333,1.0,1.0,1.0,1.0,1.0,0.8524833333333333,1.0,1.0,1.0,18.463333333333335,20.0,
hr,20,race+job+years+creds,race_ethnicity|job_level|years_in_hr|credential_count,suppress_k,5,3000,0.0,0.0,0.0,0.0,20.0,20.0,0.0,0.0,0.0,0.0,1.0,1.0,
hr,20,race+job+years+creds,race_ethnicity|job_level|years_in_hr|credential_count,analytic_uniform_heuristic,5,0,0.049565810678337714,,,,,,0.049565810678337714,,,,,,
hr,30,race,race_ethnicity,none,5,3000,0.04,0.1,0.2009888888888889,0.36666666666666664,1.3323333333333334,3.0,0.04,0.1,0.2009888888888889,0.36666666666666664,4.782666666666667,6.0,
hr,30,race,race_ethnicity,suppress_k,5,3000,0.0010444444444444446,0.0,0.029722222222222223,0.13333333333333333,5.757666666666666,11.0,0.0010444444444444446,0.0,0.029722222222222223,0.13333333333333333,2.8373333333333335,4.0,
hr,30,race,race_ethnicity,analytic_uniform_heuristic,5,0,1.0,,,,,,1.0,,,,,,
hr,30,race+job,race_ethnicity|job_level,none,5,3000,0.17340000000000003,0.3,0.554711111111111,0.8,1.0016666666666667,1.0,0.17340000000000003,0.3,0.554711111111111,0.8,11.482333333333333,14.0,
hr,30,race+job,race_ethnicity|job_level,suppress_k,5,3000,0.0,0.0,4.4444444444444447e-05,0.0,6.28,10.0,0.0,0.0,4.4444444444444447e-05,0.0,3.0056666666666665,4.0,
hr,30,race+job,race_ethnicity|job_level,analytic_uniform_heuristic,5,0,1.0,,,,,,1.0,,,,,,
hr,30,race+job+years,race_ethnicity|job_level|years_in_hr,none,5,3000,0.4825111111111111,0.6666666666666666,0.9699555555555556,1.0,1.0,1.0,0.4825111111111111,0.6666666666666666,0.9699555555555556,1.0,20.794666666666668,24.0,
hr,30,race+job+years,race_ethnicity|job_level|years_in_hr,suppress_k,5,3000,0.0,0.0,0.0,0.0,25.983666666666668,30.0,0.0,0.0,0.0,0.0,1.1696666666666666,2.0,
hr,30,race+job+years,race_ethnicity|job_level|years_in_hr,analytic_uniform_heuristic,5,0,0.23065815662502834,,,,,,0.23065815662502834,,,,,,
hr,30,race+job+years+creds,race_ethnicity|job_level|years_in_hr|credential_count,none,5,3000,0.7855555555555555,0.9333333333333333,0.9994222222222223,1.0,1.0,1.0,0.7855555555555555,0.9333333333333333,0.9994222222222223,1.0,26.580333333333332,29.0,
hr,30,race+job+years+creds,race_ethnicity|job_level|years_in_hr|credential_count,suppress_k,5,3000,0.0,0.0,0.0,0.0,29.917333333333332,30.0,0.0,0.0,0.0,0.0,1.0033333333333334,1.0,
hr,30,race+job+years+creds,race_ethnicity|job_level|years_in_hr|credential_count,analytic_uniform_heuristic,5,0,0.07243508411574356,,,,,,0.07243508411574356,,,,,,
hr,50,race,race_ethnicity,none,5,3000,0.01901333333333333,0.04,0.11448666666666668,0.2,1.4486666666666668,3.0,0.01901333333333333,0.04,0.11448666666666668,0.2,5.333333333333333,6.0,
hr,50,race,race_ethnicity,suppress_k,5,3000,0.0006333333333333334,0.0,0.02002,0.08,5.303333333333334,9.0,0.0006333333333333334,0.0,0.02002,0.08,3.6513333333333335,5.0,
hr,50,race,race_ethnicity,analytic_uniform_heuristic,5,0,1.0,,,,,,1.0,,,,,,
hr,50,race+job,race_ethnicity|job_level,none,5,3000,0.10970666666666667,0.18,0.38029333333333337,0.52,1.0026666666666666,1.0,0.10970666666666667,0.18,0.38029333333333337,0.52,14.212333333333333,17.0,
hr,50,race+job,race_ethnicity|job_level,suppress_k,5,3000,0.0,0.0,0.0,0.0,6.081333333333333,9.0,0.0,0.0,0.0,0.0,4.6353333333333335,6.0,
hr,50,race+job,race_ethnicity|job_level,analytic_uniform_heuristic,5,0,1.0,,,,,,1.0,,,,,,
hr,50,race+job+years,race_ethnicity|job_level|years_in_hr,none,5,3000,0.3446333333333333,0.46,0.8864333333333334,1.0,1.0,1.0,0.3446333333333333,0.46,0.8864333333333334,1.0,28.88533333333333,33.0,
hr,50,race+job+years,race_ethnicity|job_level|years_in_hr,suppress_k,5,3000,0.0,0.0,0.0,0.0,18.385,50.0,0.0,0.0,0.0,0.0,2.021333333333333,3.0,
hr,50,race+job+years,race_ethnicity|job_level|years_in_hr,analytic_uniform_heuristic,5,0,0.31179203137350886,,,,,,0.31179203137350886,,,,,,
hr,50,race+job+years+creds,race_ethnicity|job_level|years_in_hr|credential_count,none,5,3000,0.6780933333333332,0.82,0.9954933333333333,1.0,1.0,1.0,0.6780933333333332,0.82,0.9954933333333333,1.0,41.085,45.0,
hr,50,race+job+years+creds,race_ethnicity|job_level|years_in_hr|credential_count,suppress_k,5,3000,0.0,0.0,0.0,0.0,48.042,50.0,0.0,0.0,0.0,0.0,1.0436666666666667,1.0,
hr,50,race+job+years+creds,race_ethnicity|job_level|years_in_hr|credential_count,analytic_uniform_heuristic,5,0,0.11459052533186737,,,,,,0.11459052533186737,,,,,,
hr,100,race,race_ethnicity,none,5,3000,0.00431,0.01,0.051956666666666665,0.1,1.99,4.0,0.00431,0.01,0.051956666666666665,0.1,5.815666666666667,6.0,
hr,100,race,race_ethnicity,suppress_k,5,3000,0.00042666666666666667,0.0,0.011736666666666664,0.04,5.068666666666667,9.0,0.00042666666666666667,0.0,0.011736666666666664,0.04,4.734333333333334,6.0,
hr,100,race,race_ethnicity,analytic_uniform_heuristic,5,0,1.0,,,,,,1.0,,,,,,
hr,100,race+job,race_ethnicity|job_level,none,5,3000,0.05080000000000001,0.08,0.22434666666666667,0.31,1.0023333333333333,1.0,0.05080000000000001,0.08,0.22434666666666667,0.31,17.819333333333333,21.0,
hr,100,race+job,race_ethnicity|job_level,suppress_k,5,3000,0.0,0.0,0.0,0.0,5.665333333333334,8.0,0.0,0.0,0.0,0.0,7.362666666666667,9.0,
hr,100,race+job,race_ethnicity|job_level,analytic_uniform_heuristic,5,0,1.0,,,,,,1.0,,,,,,
hr,100,race+job+years,race_ethnicity|job_level|years_in_hr,none,5,3000,0.20139333333333334,0.27,0.6251033333333333,0.77,1.0,1.0,0.20139333333333334,0.27,0.6251033333333333,0.77,41.82,47.0,
hr,100,race+job+years,race_ethnicity|job_level|years_in_hr,suppress_k,5,3000,0.0,0.0,0.0,0.0,5.116333333333333,6.0,0.0,0.0,0.0,0.0,6.812666666666667,9.0,
hr,100,race+job+years,race_ethnicity|job_level|years_in_hr,analytic_uniform_heuristic,5,0,1.0,,,,,,1.0,,,,,,
hr,100,race+job+years+creds,race_ethnicity|job_level|years_in_hr|credential_count,none,5,3000,0.50492,0.6,0.9632066666666667,1.0,1.0,1.0,0.50492,0.6,0.9632066666666667,1.0,70.34833333333333,77.0,
hr,100,race+job+years+creds,race_ethnicity|job_level|years_in_hr|credential_count,suppress_k,5,3000,0.0,0.0,0.0,0.0,51.488,100.0,0.0,0.0,0.0,0.0,1.682,3.0,
hr,100,race+job+years+creds,race_ethnicity|job_level|years_in_hr|credential_count,analytic_uniform_heuristic,5,0,0.20116674375616672,,,,,,0.20116674375616672,,,,,,
hr,200,race,race_ethnicity,none,5,3000,0.00041,0.005,0.013966666666666665,0.035,3.5603333333333333,6.0,0.00041,0.005,0.013966666666666665,0.035,5.984,6.0,
hr,200,race,race_ethnicity,suppress_k,5,3000,0.00026833333333333337,0.005,0.008228333333333334,0.02,4.260666666666666,7.0,0.00026833333333333337,0.005,0.008228333333333334,0.02,5.784,6.0,
hr,200,race,race_ethnicity,analytic_uniform_heuristic,5,0,1.0,,,,,,1.0,,,,,,
hr,200,race+job,race_ethnicity|job_level,none,5,3000,0.019081666666666667,0.035,0.11576666666666667,0.16,1.009,1.0,0.019081666666666667,0.035,0.11576666666666667,0.16,20.952333333333332,23.0,
hr,200,race+job,race_ethnicity|job_level,suppress_k,5,3000,0.0,0.0,0.0,0.0,5.393666666666666,7.0,0.0,0.0,0.0,0.0,11.189333333333334,13.0,
hr,200,race+job,race_ethnicity|job_level,analytic_uniform_heuristic,5,0,1.0,,,,,,1.0,,,,,,
hr,200,race+job+years,race_ethnicity|job_level|years_in_hr,none,5,3000,0.10821166666666666,0.14,0.3775333333333333,0.455,1.0,1.0,0.10821166666666666,0.14,0.3775333333333333,0.455,56.330666666666666,62.0,
hr,200,race+job+years,race_ethnicity|job_level|years_in_hr,suppress_k,5,3000,0.0,0.0,0.0,0.0,5.069333333333334,6.0,0.0,0.0,0.0,0.0,15.432666666666666,18.0,
hr,200,race+job+years,race_ethnicity|job_level|years_in_hr,analytic_uniform_heuristic,5,0,1.0,,,,,,1.0,,,,,,
hr,200,race+job+years+creds,race_ethnicity|job_level|years_in_hr|credential_count,none,5,3000,0.32825166666666666,0.385,0.8268816666666665,0.915,1.0,1.0,0.32825166666666666,0.385,0.8268816666666665,0.915,110.387,119.0,
hr,200,race+job+years+creds,race_ethnicity|job_level|years_in_hr|credential_count,suppress_k,5,3000,0.0,0.0,0.0,0.0,5.112666666666667,5.0,0.0,0.0,0.0,0.0,6.874,10.0,
hr,200,race+job+years+creds,race_ethnicity|job_level|years_in_hr|credential_count,analytic_uniform_heuristic,5,0,0.30998533035789777,,,,,,0.30998533035789777,,,,,,
hr,500,race,race_ethnicity,none,5,3000,6.666666666666667e-07,0.0,0.00017866666666666668,0.0,9.626666666666667,14.0,6.666666666666667e-07,0.0,0.00017866666666666668,0.0,6.0,6.0,
hr,500,race,race_ethnicity,suppress_k,5,3000,6.666666666666667e-07,0.0,0.00017866666666666668,0.0,9.626666666666667,14.0,6.666666666666667e-07,0.0,0.00017866666666666668,0.0,6.0,6.0,
hr,500,race,race_ethnicity,analytic_uniform_heuristic,5,0,1.0,,,,,,1.0,,,,,,
hr,500,race+job,race_ethnicity|job_level,none,5,3000,0.002812,0.006,0.035682,0.054,1.2116666666666667,2.0,0.002812,0.006,0.035682,0.054,23.338333333333335,24.0,
hr,500,race+job,race_ethnicity|job_level,suppress_k,5,3000,0.0,0.0,5.333333333333334e-06,0.0,5.287333333333334,7.0,0.0,0.0,5.333333333333334e-06,0.0,17.388,20.0,
hr,500,race+job,race_ethnicity|job_level,analytic_uniform_heuristic,5,0,1.0,,,,,,1.0,,,,,,
hr,500,race+job+years,race_ethnicity|job_level|years_in_hr,none,5,3000,0.03811333333333333,0.05,0.18491066666666667,0.22,1.0,1.0,0.03811333333333333,0.05,0.18491066666666667,0.22,75.60933333333334,81.0,
hr,500,race+job+years,race_ethnicity|job_level|years_in_hr,suppress_k,5,3000,0.0,0.0,0.0,0.0,5.01,5.0,0.0,0.0,0.0,0.0,30.782,35.0,
hr,500,race+job+years,race_ethnicity|job_level|years_in_hr,analytic_uniform_heuristic,5,0,1.0,,,,,,1.0,,,,,,
hr,500,race+job+years+creds,race_ethnicity|job_level|years_in_hr|credential_count,none,5,3000,0.16111866666666663,0.186,0.5062086666666668,0.56,1.0,1.0,0.16111866666666663,0.186,0.5062086666666668,0.56,177.89466666666667,189.0,
hr,500,race+job+years+creds,race_ethnicity|job_level|years_in_hr|credential_count,suppress_k,5,3000,0.0,0.0,0.0,0.0,5.0,5.0,0.0,0.0,0.0,0.0,33.21666666666667,38.0,
hr,500,race+job+years+creds,race_ethnicity|job_level|years_in_hr|credential_count,analytic_uniform_heuristic,5,0,1.0,,,,,,1.0,,,,,,
